{
    "total_runtime": 88.87190699577332,
    "num_documents": 1,
    "input_load_time": 0,
    "workflows": {
        "create_base_text_units": {
            "overall": 0.35851597785949707,
            "0_orderby": 0.0033745765686035156,
            "1_zip": 0.0042269229888916016,
            "2_aggregate_override": 0.007353305816650391,
            "3_chunk": 0.2801704406738281,
            "4_select": 0.004874467849731445,
            "5_unroll": 0.006284952163696289,
            "6_rename": 0.0054168701171875,
            "7_genid": 0.006016969680786133,
            "8_unzip": 0.006724357604980469,
            "9_copy": 0.006056785583496094,
            "10_filter": 0.024849414825439453
        },
        "create_base_extracted_entities": {
            "overall": 64.33727073669434,
            "0_entity_extract": 64.27991271018982,
            "1_snapshot": 0.020206928253173828,
            "2_merge_graphs": 0.01232147216796875,
            "3_snapshot_rows": 0.016708850860595703
        },
        "create_summarized_entities": {
            "overall": 1.4205446243286133,
            "0_summarize_descriptions": 1.3929474353790283,
            "1_snapshot_rows": 0.018499135971069336
        },
        "create_base_entity_graph": {
            "overall": 0.15498709678649902,
            "0_cluster_graph": 0.07788729667663574,
            "1_snapshot_rows": 0.023035764694213867,
            "2_snapshot_rows": 0.025519847869873047,
            "3_select": 0.01587080955505371
        },
        "create_final_entities": {
            "overall": 2.255296230316162,
            "0_unpack_graph": 0.013202428817749023,
            "1_rename": 0.010762214660644531,
            "2_select": 0.018197298049926758,
            "3_dedupe": 0.012222051620483398,
            "4_rename": 0.012499332427978516,
            "5_filter": 0.029164791107177734,
            "6_text_split": 0.013380289077758789,
            "7_drop": 0.014033794403076172,
            "8_merge": 0.019250869750976562,
            "9_text_embed": 2.0261735916137695,
            "10_drop": 0.0208284854888916,
            "11_filter": 0.04810643196105957
        },
        "create_final_nodes": {
            "overall": 0.38774967193603516,
            "0_layout_graph": 0.044513702392578125,
            "1_unpack_graph": 0.020142078399658203,
            "2_unpack_graph": 0.0168149471282959,
            "3_filter": 0.035279035568237305,
            "4_drop": 0.0159456729888916,
            "5_select": 0.016791343688964844,
            "6_snapshot": 0.024580717086791992,
            "7_rename": 0.020409107208251953,
            "8_join": 0.03632998466491699,
            "9_convert": 0.09374451637268066,
            "10_rename": 0.04424428939819336
        },
        "create_final_communities": {
            "overall": 0.058664798736572266,
            "0_create_final_communities": 0.03862762451171875
        },
        "create_final_relationships": {
            "overall": 0.08134603500366211,
            "0_create_final_relationships_pre_embedding": 0.026118993759155273,
            "1_create_final_relationships_post_embedding": 0.03131747245788574
        },
        "create_final_text_units": {
            "overall": 0.0841515064239502,
            "0_create_final_text_units_pre_embedding": 0.040535688400268555,
            "1_select": 0.023228168487548828
        },
        "create_final_community_reports": {
            "overall": 15.000976085662842,
            "0_prepare_community_reports_nodes": 0.02471613883972168,
            "1_prepare_community_reports_edges": 0.024140119552612305,
            "2_restore_community_hierarchy": 0.027291059494018555,
            "3_prepare_community_reports": 0.06181478500366211,
            "4_create_community_reports": 14.800873041152954,
            "5_window": 0.03860163688659668
        },
        "create_base_documents": {
            "overall": 0.28439950942993164,
            "0_unroll": 0.027409076690673828,
            "1_select": 0.026941299438476562,
            "2_rename": 0.02684783935546875,
            "3_join": 0.0328831672668457,
            "4_aggregate_override": 0.029151201248168945,
            "5_join": 0.033411502838134766,
            "6_rename": 0.02659916877746582,
            "7_convert": 0.054038047790527344
        },
        "create_final_documents": {
            "overall": 0.05604863166809082,
            "0_rename": 0.02668285369873047
        }
    }
}