{
    "total_runtime": 35.02357506752014,
    "num_documents": 1,
    "input_load_time": 0,
    "workflows": {
        "create_base_text_units": {
            "overall": 0.43015408515930176,
            "0_orderby": 0.0030565261840820312,
            "1_zip": 0.0036301612854003906,
            "2_aggregate_override": 0.00625300407409668,
            "3_chunk": 0.35136890411376953,
            "4_select": 0.005257844924926758,
            "5_unroll": 0.0069921016693115234,
            "6_rename": 0.005559444427490234,
            "7_genid": 0.006106853485107422,
            "8_unzip": 0.006600618362426758,
            "9_copy": 0.006014585494995117,
            "10_filter": 0.02641463279724121
        },
        "create_base_extracted_entities": {
            "overall": 30.75604510307312,
            "0_entity_extract": 30.687586545944214,
            "1_snapshot": 0.02068614959716797,
            "2_merge_graphs": 0.017188310623168945,
            "3_snapshot_rows": 0.021474599838256836
        },
        "create_summarized_entities": {
            "overall": 2.7841410636901855,
            "0_summarize_descriptions": 2.7542381286621094,
            "1_snapshot_rows": 0.017811059951782227
        }
    }
}